ZipCode,MeanAQI,AvgMaxAQI,TotalPopulation,ACCESS2_CrudePrev,ARTHRITIS_CrudePrev,BINGE_CrudePrev,BPHIGH_CrudePrev,BPMED_CrudePrev,CANCER_CrudePrev,CASTHMA_CrudePrev,CERVICAL_CrudePrev,CHD_CrudePrev,CHECKUP_CrudePrev,CHOLSCREEN_CrudePrev,COLON_SCREEN_CrudePrev,COPD_CrudePrev,CSMOKING_CrudePrev,DENTAL_CrudePrev,DEPRESSION_CrudePrev,DIABETES_CrudePrev,GHLTH_CrudePrev,HIGHCHOL_CrudePrev,KIDNEY_CrudePrev,LPA_CrudePrev,MAMMOUSE_CrudePrev,MHLTH_CrudePrev,OBESITY_CrudePrev,PHLTH_CrudePrev,SLEEP_CrudePrev,STROKE_CrudePrev,TEETHLOST_CrudePrev
2111,8.101017162158731,37.32560240963855,7383,7.8,16.1,16.7,23.0,72.6,4.1,9.5,72.7,4.5,75.2,85.2,74.4,4.0,12.8,63.5,16.8,8.9,11.3,25.9,2.2,22.8,79.4,13.6,15.8,7.1,32.0,2.3,11.2
2118,9.79698784311754,46.4864476386037,26498,8.9,16.6,19.7,23.6,66.9,4.1,11.0,81.2,4.2,74.9,86.6,76.8,4.3,14.2,63.6,19.0,8.4,12.6,23.4,2.4,21.0,83.0,14.7,22.7,8.1,33.1,2.4,12.7
2124,8.121950351373032,22.36169296987088,47783,10.8,21.9,15.8,31.5,73.3,5.0,13.2,83.0,5.2,79.8,89.2,78.0,5.7,17.3,59.4,19.0,11.6,16.9,25.9,3.1,26.4,83.8,16.2,28.4,10.3,38.7,3.5,17.8
2127,9.149951404473452,23.58569230769231,31799,6.4,15.7,22.8,19.0,66.4,4.9,10.6,84.6,3.6,73.4,88.2,79.4,3.7,11.0,73.0,20.6,5.6,8.7,22.7,1.9,15.4,81.8,14.2,19.0,6.5,29.0,1.8,8.9
2128,8.355616273949456,22.26595744680851,40508,16.3,17.5,20.1,22.4,65.8,4.5,11.0,80.9,4.7,72.7,84.9,73.3,5.1,16.3,59.1,20.2,8.3,15.4,24.4,2.5,25.7,79.9,16.0,24.4,9.5,33.0,2.4,17.8
2130,7.885723921601536,29.2154949784792,35401,7.2,17.3,20.0,21.7,70.0,5.2,10.7,85.1,4.0,75.6,89.4,80.0,3.8,10.9,71.8,19.4,7.1,9.9,24.7,2.3,17.2,83.7,13.8,20.9,7.0,30.1,2.1,9.5
2135,7.870061688507241,28.6428981348637,42780,6.1,13.4,22.4,17.2,64.6,4.2,10.5,79.4,3.3,73.0,85.4,80.5,3.1,9.7,72.1,20.0,4.9,7.5,20.0,1.8,14.8,81.3,14.6,16.9,5.6,28.7,1.6,9.1
2139,7.244255246473916,27.81997126436781,36349,5.5,12.1,18.9,18.2,61.7,3.7,9.8,83.2,2.6,72.3,87.2,79.3,2.5,8.1,74.5,17.2,4.8,6.4,19.5,1.6,13.3,87.1,13.3,19.2,5.1,28.6,1.4,7.5
